10,0,0.020430583
10,0.25,0.016146282
10,0.5,0.011098336
10,0.75,0.005788376
10,1,0
20,0,0.0204752
20,0.25,0.016176867
20,0.5,0.011117355
20,0.75,0.005797118
20,1,0
30,0,0.020590638
30,0.25,0.016253989
30,0.5,0.011163411
30,0.75,0.005817023
30,1,0
40,0,0.020764363
40,0.25,0.016368935
40,0.5,0.011230822
40,0.75,0.005845489
40,1,0
50,0,0.020985049
50,0.25,0.01651644
50,0.5,0.011318118
50,0.75,0.005883013
50,1,0
60,0,0.021256387
60,0.25,0.016701785
60,0.5,0.011430413
60,0.75,0.005932992
60,1,0
70,0,0.021586399
70,0.25,0.016932352
70,0.5,0.011573429
70,0.75,0.005998673
70,1,0
80,0,0.021979254
80,0.25,0.017211885
80,0.5,0.011749988
80,0.75,0.006081607
80,1,0
90,0,0.022433587
90,0.25,0.017539594
90,0.5,0.011959661
90,0.75,0.006181624
90,1,0
100,0,0.022944026
100,0.25,0.017911486
100,0.5,0.012199781
100,0.75,0.006297391
100,1,0
110,0,0.023503274
110,0.25,0.018322033
110,0.5,0.012466618
110,0.75,0.006427026
110,1,0
120,0,0.024103692
120,0.25,0.0187654
120,0.5,0.012756222
120,0.75,0.006568536
120,1,0
130,0,0.02473823
130,0.25,0.019236173
130,0.5,0.013064913
130,0.75,0.006720053
130,1,0
140,0,0.025400841
140,0.25,0.019729683
140,0.5,0.013389512
140,0.75,0.006879959
140,1,0
150,0,0.02608657
150,0.25,0.020242078
150,0.5,0.01372739
150,0.75,0.007046912
150,1,0
160,0,0.026791478
160,0.25,0.020770279
160,0.5,0.014076429
160,0.75,0.007219825
160,1,0
170,0,0.027512499
170,0.25,0.021311862
170,0.5,0.014434959
170,0.75,0.007397835
170,1,0
180,0,0.028247266
180,0.25,0.021864939
180,0.5,0.01480167
180,0.75,0.007580262
180,1,0
190,0,0.028993959
190,0.25,0.022428044
190,0.5,0.015175537
190,0.75,0.007766567
190,1,0
200,0,0.029751183
200,0.25,0.023000035
200,0.5,0.015555755
200,0.75,0.007956325
200,1,0
210,0,0.030517847
210,0.25,0.023580009
210,0.5,0.015941685
210,0.75,0.008149195
210,1,0
220,0,0.031293096
220,0.25,0.024167246
220,0.5,0.016332811
220,0.75,0.008344899
220,1,0
230,0,0.032076241
230,0.25,0.024761158
230,0.5,0.016728712
230,0.75,0.008543208
230,1,0
240,0,0.032866718
240,0.25,0.025361262
240,0.5,0.017129035
240,0.75,0.008743928
240,1,0
250,0,0.033664049
250,0.25,0.025967138
250,0.5,0.017533477
250,0.75,0.008946893
250,1,0
260,0,0.034467824
260,0.25,0.02657843
260,0.5,0.017941775
260,0.75,0.009151958
260,1,0
270,0,0.035277677
270,0.25,0.027194814
270,0.5,0.018353695
270,0.75,0.00935899
270,1,0
280,0,0.03609328
280,0.25,0.027816005
280,0.5,0.018769025
280,0.75,0.009567875
280,1,0
290,0,0.036914332
290,0.25,0.028441736
290,0.5,0.019187575
290,0.75,0.009778505
290,1,0
300,0,0.037740554
300,0.25,0.029071763
300,0.5,0.019609164
300,0.75,0.00999078
300,1,0
310,0,0.038571682
310,0.25,0.029705858
310,0.5,0.020033628
310,0.75,0.010204608
310,1,0
320,0,0.039407469
320,0.25,0.030343806
320,0.5,0.020460808
320,0.75,0.010419903
320,1,0
330,0,0.040247678
330,0.25,0.030985403
330,0.5,0.020890562
330,0.75,0.010636585
330,1,0
340,0,0.041092086
340,0.25,0.03163046
340,0.5,0.021322748
340,0.75,0.010854578
340,1,0
350,0,0.041940478
350,0.25,0.03227879
350,0.5,0.021757238
350,0.75,0.011073809
350,1,0
360,0,0.042792652
360,0.25,0.032930226
360,0.5,0.022193906
360,0.75,0.011294211
360,1,0
370,0,0.043648411
370,0.25,0.0335846
370,0.5,0.022632637
370,0.75,0.01151572
370,1,0
380,0,0.044507571
380,0.25,0.034241759
380,0.5,0.02307332
380,0.75,0.011738277
380,1,0
390,0,0.045369957
390,0.25,0.034901553
390,0.5,0.023515849
390,0.75,0.011961823
390,1,0
400,0,0.046235397
400,0.25,0.035563843
400,0.5,0.023960125
400,0.75,0.012186306
400,1,0
410,0,0.047103731
410,0.25,0.036228494
410,0.5,0.024406052
410,0.75,0.012411672
410,1,0
420,0,0.047974808
420,0.25,0.036895382
420,0.5,0.024853545
420,0.75,0.012637877
420,1,0
430,0,0.04884848
430,0.25,0.037564384
430,0.5,0.025302515
430,0.75,0.012864873
430,1,0
440,0,0.049724612
440,0.25,0.038235389
440,0.5,0.025752885
440,0.75,0.013092617
440,1,0
450,0,0.05060307
450,0.25,0.038908288
450,0.5,0.026204578
450,0.75,0.013321067
450,1,0
460,0,0.051483731
460,0.25,0.039582979
460,0.5,0.026657522
460,0.75,0.013550188
460,1,0
470,0,0.052366476
470,0.25,0.040259366
470,0.5,0.02711165
470,0.75,0.013779941
470,1,0
480,0,0.053251193
480,0.25,0.040937357
480,0.5,0.027566897
480,0.75,0.014010292
480,1,0
490,0,0.054137776
490,0.25,0.041616864
490,0.5,0.028023203
490,0.75,0.01424121
490,1,0
500,0,0.055026123
500,0.25,0.042297807
500,0.5,0.028480511
500,0.75,0.014472662
500,1,0
510,0,0.05591614
510,0.25,0.042980108
510,0.5,0.028938767
510,0.75,0.014704623
510,1,0
520,0,0.056807735
520,0.25,0.043663693
520,0.5,0.029397919
520,0.75,0.014937061
520,1,0
530,0,0.057700822
530,0.25,0.04434849
530,0.5,0.029857917
530,0.75,0.015169954
530,1,0
540,0,0.05859532
540,0.25,0.045034438
540,0.5,0.030318717
540,0.75,0.015403273
540,1,0
550,0,0.059491152
550,0.25,0.04572147
550,0.5,0.030780276
550,0.75,0.015636999
550,1,0
560,0,0.060388243
560,0.25,0.046409529
560,0.5,0.031242551
560,0.75,0.01587111
560,1,0
570,0,0.061286527
570,0.25,0.04709856
570,0.5,0.031705506
570,0.75,0.016105584
570,1,0
580,0,0.062185935
580,0.25,0.047788508
580,0.5,0.032169099
580,0.75,0.0163404
580,1,0
590,0,0.063086407
590,0.25,0.048479323
590,0.5,0.032633301
590,0.75,0.016575542
590,1,0
600,0,0.063987883
600,0.25,0.049170959
600,0.5,0.033098075
600,0.75,0.016810992
600,1,0
610,0,0.064890307
610,0.25,0.049863369
610,0.5,0.033563391
610,0.75,0.017046733
610,1,0
620,0,0.065793626
620,0.25,0.050556512
620,0.5,0.03402922
620,0.75,0.017282748
620,1,0
630,0,0.066697789
630,0.25,0.051250346
630,0.5,0.034495533
630,0.75,0.017519023
630,1,0
640,0,0.067602748
640,0.25,0.051944833
640,0.5,0.034962301
640,0.75,0.017755545
640,1,0
650,0,0.068508459
650,0.25,0.052639937
650,0.5,0.035429504
650,0.75,0.017992301
650,1,0
660,0,0.069414878
660,0.25,0.053335623
660,0.5,0.035897114
660,0.75,0.018229275
660,1,0
670,0,0.070321964
670,0.25,0.054031858
670,0.5,0.036365111
670,0.75,0.018466458
670,1,0
680,0,0.071229679
680,0.25,0.054728611
680,0.5,0.03683347
680,0.75,0.018703837
680,1,0
690,0,0.072137985
690,0.25,0.055425854
690,0.5,0.037302173
690,0.75,0.018941401
690,1,0
700,0,0.073046847
700,0.25,0.056123556
700,0.5,0.0377712
700,0.75,0.019179143
700,1,0
710,0,0.073956233
710,0.25,0.056821692
710,0.5,0.038240533
710,0.75,0.019417049
710,1,0
720,0,0.074866111
720,0.25,0.057520237
720,0.5,0.038710154
720,0.75,0.019655113
720,1,0
730,0,0.07577645
730,0.25,0.058219165
730,0.5,0.039180046
730,0.75,0.019893322
730,1,0
740,0,0.076687222
740,0.25,0.058918455
740,0.5,0.039650191
740,0.75,0.020131672
740,1,0
750,0,0.077598399
750,0.25,0.059618085
750,0.5,0.040120578
750,0.75,0.020370152
750,1,0
760,0,0.078509957
760,0.25,0.060318033
760,0.5,0.040591191
760,0.75,0.020608755
760,1,0
770,0,0.079421869
770,0.25,0.06101828
770,0.5,0.041062016
770,0.75,0.020847476
770,1,0
780,0,0.080334112
780,0.25,0.061718808
780,0.5,0.041533039
780,0.75,0.021086305
780,1,0
790,0,0.081246666
790,0.25,0.062419597
790,0.5,0.042004251
790,0.75,0.021325238
790,1,0
800,0,0.082159508
800,0.25,0.063120633
800,0.5,0.042475637
800,0.75,0.021564268
800,1,0
810,0,0.083072617
810,0.25,0.063821898
810,0.5,0.042947187
810,0.75,0.021803388
810,1,0
820,0,0.083985975
820,0.25,0.064523375
820,0.5,0.04341889
820,0.75,0.022042592
820,1,0
830,0,0.084899563
830,0.25,0.065225051
830,0.5,0.043890735
830,0.75,0.022281878
830,1,0
840,0,0.085813364
840,0.25,0.065926913
840,0.5,0.044362713
840,0.75,0.022521238
840,1,0
850,0,0.08672736
850,0.25,0.066628946
850,0.5,0.044834816
850,0.75,0.022760666
850,1,0
860,0,0.087641536
860,0.25,0.067331137
860,0.5,0.045307033
860,0.75,0.023000159
860,1,0
870,0,0.088555878
870,0.25,0.068033476
870,0.5,0.045779356
870,0.75,0.023239713
870,1,0
880,0,0.08947037
880,0.25,0.068735948
880,0.5,0.046251779
880,0.75,0.023479324
880,1,0
890,0,0.090384997
890,0.25,0.069438544
890,0.5,0.046724292
890,0.75,0.023718987
890,1,0
900,0,0.091299748
900,0.25,0.070141254
900,0.5,0.04719689
900,0.75,0.023958698
900,1,0
910,0,0.092214611
910,0.25,0.070844066
910,0.5,0.047669563
910,0.75,0.024198454
910,1,0
920,0,0.093129571
920,0.25,0.071546972
920,0.5,0.048142306
920,0.75,0.02443825
920,1,0
930,0,0.094044619
930,0.25,0.072249962
930,0.5,0.048615112
930,0.75,0.024678083
930,1,0
940,0,0.094959742
940,0.25,0.072953027
940,0.5,0.049087975
940,0.75,0.024917952
940,1,0
950,0,0.095874931
950,0.25,0.07365616
950,0.5,0.049560891
950,0.75,0.025157851
950,1,0
960,0,0.096790176
960,0.25,0.074359351
960,0.5,0.050033852
960,0.75,0.02539778
960,1,0
970,0,0.097705466
970,0.25,0.075062592
970,0.5,0.050506853
970,0.75,0.025637733
970,1,0
980,0,0.098620794
980,0.25,0.075765879
980,0.5,0.05097989
980,0.75,0.025877709
980,1,0
990,0,0.09953615
990,0.25,0.076469201
990,0.5,0.051452958
990,0.75,0.026117706
990,1,0
1000,0,0.100451527
1000,0.25,0.077172554
1000,0.5,0.051926052
1000,0.75,0.02635772
1000,1,0
1010,0,0.101366914
1010,0.25,0.07787593
1010,0.5,0.052399167
1010,0.75,0.02659775
1010,1,0
1020,0,0.102282305
1020,0.25,0.078579323
1020,0.5,0.052872299
1020,0.75,0.026837793
1020,1,0
1030,0,0.103197694
1030,0.25,0.079282729
1030,0.5,0.053345444
1030,0.75,0.027077845
1030,1,0
1040,0,0.104113073
1040,0.25,0.07998614
1040,0.5,0.053818599
1040,0.75,0.027317909
1040,1,0
1050,0,0.105028435
1050,0.25,0.080689552
1050,0.5,0.054291759
1050,0.75,0.027557977
1050,1,0
1060,0,0.105943773
1060,0.25,0.081392959
1060,0.5,0.05476492
1060,0.75,0.027798052
1060,1,0
1070,0,0.106859082
1070,0.25,0.082096357
1070,0.5,0.055238081
1070,0.75,0.02803813
1070,1,0
1080,0,0.107774357
1080,0.25,0.08279974
1080,0.5,0.055711237
1080,0.75,0.028278209
1080,1,0
1090,0,0.10868959
1090,0.25,0.083503105
1090,0.5,0.056184384
1090,0.75,0.028518287
1090,1,0
1100,0,0.109604777
1100,0.25,0.084206446
1100,0.5,0.05665752
1100,0.75,0.028758363
1100,1,0
1110,0,0.110519913
1110,0.25,0.08490976
1110,0.5,0.057130642
1110,0.75,0.028998437
1110,1,0
1120,0,0.111434994
1120,0.25,0.085613044
1120,0.5,0.057603749
1120,0.75,0.029238505
1120,1,0
1130,0,0.112350013
1130,0.25,0.086316291
1130,0.5,0.058076837
1130,0.75,0.029478568
1130,1,0
1140,0,0.113264967
1140,0.25,0.087019501
1140,0.5,0.058549902
1140,0.75,0.029718622
1140,1,0
1150,0,0.114179851
1150,0.25,0.087722668
1150,0.5,0.059022942
1150,0.75,0.029958667
1150,1,0
1160,0,0.115094662
1160,0.25,0.088425789
1160,0.5,0.059495956
1160,0.75,0.030198703
1160,1,0
1170,0,0.116009396
1170,0.25,0.089128863
1170,0.5,0.059968943
1170,0.75,0.030438726
1170,1,0
1180,0,0.116924047
1180,0.25,0.089831883
1180,0.5,0.060441897
1180,0.75,0.030678739
1180,1,0
1190,0,0.117838614
1190,0.25,0.09053485
1190,0.5,0.060914818
1190,0.75,0.030918735
1190,1,0
1200,0,0.118753093
1200,0.25,0.091237759
1200,0.5,0.061387706
1200,0.75,0.031158719
1200,1,0
1210,0,0.119667479
1210,0.25,0.091940608
1210,0.5,0.061860556
1210,0.75,0.031398686
1210,1,0
1220,0,0.120581771
1220,0.25,0.092643394
1220,0.5,0.062333367
1220,0.75,0.031638637
1220,1,0
1230,0,0.121495965
1230,0.25,0.093346116
1230,0.5,0.062806139
1230,0.75,0.031878571
1230,1,0
1240,0,0.122410058
1240,0.25,0.094048769
1240,0.5,0.063278868
1240,0.75,0.032118485
1240,1,0
1250,0,0.123324047
1250,0.25,0.094751352
1250,0.5,0.063751553
1250,0.75,0.032358381
1250,1,0
1260,0,0.124237931
1260,0.25,0.095453865
1260,0.5,0.064224194
1260,0.75,0.032598256
1260,1,0
1270,0,0.125151706
1270,0.25,0.096156301
1270,0.5,0.064696788
1270,0.75,0.032838111
1270,1,0
1280,0,0.126065369
1280,0.25,0.096858663
1280,0.5,0.065169335
1280,0.75,0.033077944
1280,1,0
1290,0,0.12697892
1290,0.25,0.097560946
1290,0.5,0.065641832
1290,0.75,0.033317756
1290,1,0
1300,0,0.127892354
1300,0.25,0.098263151
1300,0.5,0.066114278
1300,0.75,0.033557542
1300,1,0
1310,0,0.128805671
1310,0.25,0.098965274
1310,0.5,0.066586674
1310,0.75,0.033797306
1310,1,0
1320,0,0.129718869
1320,0.25,0.099667312
1320,0.5,0.067059016
1320,0.75,0.034037046
1320,1,0
1330,0,0.130631943
1330,0.25,0.100369266
1330,0.5,0.067531305
1330,0.75,0.034276761
1330,1,0
1340,0,0.131544895
1340,0.25,0.101071134
1340,0.5,0.068003538
1340,0.75,0.034516449
1340,1,0
1350,0,0.132457722
1350,0.25,0.101772916
1350,0.5,0.068475715
1350,0.75,0.034756113
1350,1,0
1360,0,0.133370422
1360,0.25,0.102474606
1360,0.5,0.068947835
1360,0.75,0.034995749
1360,1,0
1370,0,0.134282993
1370,0.25,0.103176207
1370,0.5,0.069419896
1370,0.75,0.035235358
1370,1,0
1380,0,0.135195434
1380,0.25,0.103877716
1380,0.5,0.0698919
1380,0.75,0.03547494
1380,1,0
1390,0,0.136107743
1390,0.25,0.104579132
1390,0.5,0.070363843
1390,0.75,0.035714494
1390,1,0
1400,0,0.13701992
1400,0.25,0.105280455
1400,0.5,0.070835726
1400,0.75,0.035954018
1400,1,0
1410,0,0.137931962
1410,0.25,0.105981681
1410,0.5,0.071307547
1410,0.75,0.036193515
1410,1,0
1420,0,0.138843869
1420,0.25,0.106682813
1420,0.5,0.071779307
1420,0.75,0.036432982
1420,1,0
1430,0,0.139755639
1430,0.25,0.107383846
1430,0.5,0.072251003
1430,0.75,0.036672418
1430,1,0
1440,0,0.140667272
1440,0.25,0.108084781
1440,0.5,0.072722636
1440,0.75,0.036911825
1440,1,0
1450,0,0.141578765
1450,0.25,0.108785617
1450,0.5,0.073194204
1450,0.75,0.037151202
1450,1,0
1460,0,0.142490119
1460,0.25,0.109486352
1460,0.5,0.073665709
1460,0.75,0.037390547
1460,1,0
1470,0,0.143401331
1470,0.25,0.110186988
1470,0.5,0.074137148
1470,0.75,0.037629862
1470,1,0
1480,0,0.144312402
1480,0.25,0.110887521
1480,0.5,0.07460852
1480,0.75,0.037869145
1480,1,0
1490,0,0.14522333
1490,0.25,0.111587952
1490,0.5,0.075079827
1490,0.75,0.038108396
1490,1,0
1500,0,0.146134114
1500,0.25,0.112288279
1500,0.5,0.075551065
1500,0.75,0.038347614
1500,1,0
