10,0,0
10,0.25,-0.002890151
10,0.5,-0.005221002
10,0.75,-0.010285862
10,1,-0.015387315
20,0,0
20,0.25,-0.002912084
20,0.5,-0.005303803
20,0.75,-0.01032936
20,1,-0.015424939
30,0,0
30,0.25,-0.002954758
30,0.5,-0.005462463
30,0.75,-0.01042041
30,1,-0.015517454
40,0,0
40,0.25,-0.003016306
40,0.5,-0.005661079
40,0.75,-0.010555491
40,1,-0.015662164
50,0,0
50,0.25,-0.003092386
50,0.5,-0.005885687
50,0.75,-0.010726746
50,1,-0.015852589
60,0,0
60,0.25,-0.003181174
60,0.5,-0.006146634
60,0.75,-0.010933375
60,1,-0.016091018
70,0,0
70,0.25,-0.003282392
70,0.5,-0.006447909
70,0.75,-0.01117752
70,1,-0.016382305
80,0,0
80,0.25,-0.003395677
80,0.5,-0.006781216
80,0.75,-0.011459673
80,1,-0.016728083
90,0,0
90,0.25,-0.003520042
90,0.5,-0.007132819
90,0.75,-0.011777625
90,1,-0.017125735
100,0,0
100,0.25,-0.003654038
100,0.5,-0.00748986
100,0.75,-0.012127274
100,1,-0.01756977
110,0,0
110,0.25,-0.003796051
110,0.5,-0.007843184
110,0.75,-0.012503762
110,1,-0.018053489
120,0,0
120,0.25,-0.003944548
120,0.5,-0.008187628
120,0.75,-0.01290231
120,1,-0.018570211
130,0,0
130,0.25,-0.004098197
130,0.5,-0.00852122
130,0.75,-0.013318685
130,1,-0.019113949
140,0,0
140,0.25,-0.004255917
140,0.5,-0.008844108
140,0.75,-0.01374937
140,1,-0.019679663
150,0,0
150,0.25,-0.004416862
150,0.5,-0.00915764
150,0.75,-0.014191559
150,1,-0.020263288
160,0,0
160,0.25,-0.004580395
160,0.5,-0.009463694
160,0.75,-0.014643091
160,1,-0.020861634
170,0,0
170,0.25,-0.004746049
170,0.5,-0.009764244
170,0.75,-0.015102322
170,1,-0.021472241
180,0,0
180,0.25,-0.004913484
180,0.5,-0.010061116
180,0.75,-0.015568027
180,1,-0.022093229
190,0,0
190,0.25,-0.00508246
190,0.5,-0.010355868
190,0.75,-0.016039293
190,1,-0.022723163
200,0,0
200,0.25,-0.005252802
200,0.5,-0.010649757
200,0.75,-0.01651544
200,1,-0.023360947
210,0,0
210,0.25,-0.005424391
210,0.5,-0.010943746
210,0.75,-0.016995961
210,1,-0.024005738
220,0,0
220,0.25,-0.005597138
220,0.5,-0.011238536
220,0.75,-0.017480467
220,1,-0.024656871
230,0,0
230,0.25,-0.005770982
230,0.5,-0.011534608
230,0.75,-0.017968657
230,1,-0.025313817
240,0,0
240,0.25,-0.00594587
240,0.5,-0.01183227
240,0.75,-0.018460293
240,1,-0.025976142
250,0,0
250,0.25,-0.006121767
250,0.5,-0.012131689
250,0.75,-0.018955175
250,1,-0.026643483
260,0,0
260,0.25,-0.006298637
260,0.5,-0.012432928
260,0.75,-0.019453134
260,1,-0.027315527
270,0,0
270,0.25,-0.006476454
270,0.5,-0.012735976
270,0.75,-0.019954023
270,1,-0.027992001
280,0,0
280,0.25,-0.006655188
280,0.5,-0.013040768
280,0.75,-0.020457705
280,1,-0.028672653
290,0,0
290,0.25,-0.006834814
290,0.5,-0.013347201
290,0.75,-0.020964055
290,1,-0.02935726
300,0,0
300,0.25,-0.007015306
300,0.5,-0.013655152
300,0.75,-0.021472957
300,1,-0.030045609
310,0,0
310,0.25,-0.007196639
310,0.5,-0.013964484
310,0.75,-0.021984298
310,1,-0.030737508
320,0,0
320,0.25,-0.007378785
320,0.5,-0.014275057
320,0.75,-0.022497971
320,1,-0.031432768
330,0,0
330,0.25,-0.00756172
330,0.5,-0.014586728
330,0.75,-0.023013872
330,1,-0.032131214
340,0,0
340,0.25,-0.007745417
340,0.5,-0.01489936
340,0.75,-0.023531903
340,1,-0.032832683
350,0,0
350,0.25,-0.007929854
350,0.5,-0.015212823
350,0.75,-0.024051963
350,1,-0.033537014
360,0,0
360,0.25,-0.008115
360,0.5,-0.015526994
360,0.75,-0.024573964
360,1,-0.034244057
370,0,0
370,0.25,-0.008300834
370,0.5,-0.015841758
370,0.75,-0.025097813
370,1,-0.034953668
380,0,0
380,0.25,-0.00848733
380,0.5,-0.01615701
380,0.75,-0.025623425
380,1,-0.035665712
390,0,0
390,0.25,-0.008674463
390,0.5,-0.016472655
390,0.75,-0.026150715
390,1,-0.036380057
400,0,0
400,0.25,-0.008862211
400,0.5,-0.016788606
400,0.75,-0.026679604
400,1,-0.03709658
410,0,0
410,0.25,-0.00905055
410,0.5,-0.017104783
410,0.75,-0.027210018
410,1,-0.037815166
420,0,0
420,0.25,-0.009239458
420,0.5,-0.017421117
420,0.75,-0.027741878
420,1,-0.038535699
430,0,0
430,0.25,-0.009428914
430,0.5,-0.017737545
430,0.75,-0.028275117
430,1,-0.039258075
440,0,0
440,0.25,-0.009618896
440,0.5,-0.018054009
440,0.75,-0.028809668
440,1,-0.039982192
450,0,0
450,0.25,-0.009809386
450,0.5,-0.018370462
450,0.75,-0.029345466
450,1,-0.040707957
460,0,0
460,0.25,-0.010000362
460,0.5,-0.018686857
460,0.75,-0.02988245
460,1,-0.041435277
470,0,0
470,0.25,-0.010191807
470,0.5,-0.019003158
470,0.75,-0.030420562
470,1,-0.042164067
480,0,0
480,0.25,-0.010383703
480,0.5,-0.019319329
480,0.75,-0.030959747
480,1,-0.042894246
490,0,0
490,0.25,-0.010576034
490,0.5,-0.01963534
490,0.75,-0.03149995
490,1,-0.043625736
500,0,0
500,0.25,-0.01076878
500,0.5,-0.019951168
500,0.75,-0.032041123
500,1,-0.044358463
510,0,0
510,0.25,-0.010961929
510,0.5,-0.020266787
510,0.75,-0.032583216
510,1,-0.04509236
520,0,0
520,0.25,-0.011155464
520,0.5,-0.02058218
520,0.75,-0.033126186
520,1,-0.04582736
530,0,0
530,0.25,-0.011349372
530,0.5,-0.02089733
530,0.75,-0.033669988
530,1,-0.046563401
540,0,0
540,0.25,-0.011543639
540,0.5,-0.021212222
540,0.75,-0.034214581
540,1,-0.047300426
550,0,0
550,0.25,-0.011738249
550,0.5,-0.021526845
550,0.75,-0.034759928
550,1,-0.048038377
560,0,0
560,0.25,-0.011933193
560,0.5,-0.021841189
560,0.75,-0.035305989
560,1,-0.048777203
570,0,0
570,0.25,-0.012128458
570,0.5,-0.022155245
570,0.75,-0.03585273
570,1,-0.049516852
580,0,0
580,0.25,-0.012324033
580,0.5,-0.022469007
580,0.75,-0.036400119
580,1,-0.05025728
590,0,0
590,0.25,-0.012519904
590,0.5,-0.022782471
590,0.75,-0.036948121
590,1,-0.050998439
600,0,0
600,0.25,-0.012716063
600,0.5,-0.02309563
600,0.75,-0.037496709
600,1,-0.051740288
610,0,0
610,0.25,-0.0129125
610,0.5,-0.023408483
610,0.75,-0.038045852
610,1,-0.052482788
620,0,0
620,0.25,-0.013109205
620,0.5,-0.023721028
620,0.75,-0.038595524
620,1,-0.053225899
630,0,0
630,0.25,-0.013306169
630,0.5,-0.024033262
630,0.75,-0.039145699
630,1,-0.053969586
640,0,0
640,0.25,-0.013503383
640,0.5,-0.024345186
640,0.75,-0.039696352
640,1,-0.054713816
650,0,0
650,0.25,-0.013700839
650,0.5,-0.0246568
650,0.75,-0.040247458
650,1,-0.055458553
660,0,0
660,0.25,-0.013898528
660,0.5,-0.024968104
660,0.75,-0.040798998
660,1,-0.05620377
670,0,0
670,0.25,-0.014096443
670,0.5,-0.0252791
670,0.75,-0.041350948
670,1,-0.056949435
680,0,0
680,0.25,-0.014294577
680,0.5,-0.025589789
680,0.75,-0.041903289
680,1,-0.057695522
690,0,0
690,0.25,-0.014492923
690,0.5,-0.025900172
690,0.75,-0.042456003
690,1,-0.058442005
700,0,0
700,0.25,-0.014691473
700,0.5,-0.026210254
700,0.75,-0.043009069
700,1,-0.059188858
710,0,0
710,0.25,-0.014890221
710,0.5,-0.026520034
710,0.75,-0.04356247
710,1,-0.059936057
720,0,0
720,0.25,-0.015089161
720,0.5,-0.026829517
720,0.75,-0.04411619
720,1,-0.06068358
730,0,0
730,0.25,-0.015288288
730,0.5,-0.027138706
730,0.75,-0.044670215
730,1,-0.061431407
740,0,0
740,0.25,-0.015487596
740,0.5,-0.027447602
740,0.75,-0.045224528
740,1,-0.062179516
750,0,0
750,0.25,-0.015687078
750,0.5,-0.027756211
750,0.75,-0.045779115
750,1,-0.062927888
760,0,0
760,0.25,-0.015886731
760,0.5,-0.028064534
760,0.75,-0.046333963
760,1,-0.063676506
770,0,0
770,0.25,-0.016086549
770,0.5,-0.028372575
770,0.75,-0.046889057
770,1,-0.064425351
780,0,0
780,0.25,-0.016286527
780,0.5,-0.028680339
780,0.75,-0.047444387
780,1,-0.065174407
790,0,0
790,0.25,-0.016486661
790,0.5,-0.028987828
790,0.75,-0.047999939
790,1,-0.065923658
800,0,0
800,0.25,-0.016686944
800,0.5,-0.029295046
800,0.75,-0.048555703
800,1,-0.066673088
810,0,0
810,0.25,-0.016887375
810,0.5,-0.029601997
810,0.75,-0.049111668
810,1,-0.067422685
820,0,0
820,0.25,-0.01708795
820,0.5,-0.029908683
820,0.75,-0.049667823
820,1,-0.068172434
830,0,0
830,0.25,-0.017288663
830,0.5,-0.03021511
830,0.75,-0.050224158
830,1,-0.068922322
840,0,0
840,0.25,-0.017489511
840,0.5,-0.03052128
840,0.75,-0.050780665
840,1,-0.069672336
850,0,0
850,0.25,-0.01769049
850,0.5,-0.030827197
850,0.75,-0.051337335
850,1,-0.070422467
860,0,0
860,0.25,-0.017891597
860,0.5,-0.031132864
860,0.75,-0.051894158
860,1,-0.071172701
870,0,0
870,0.25,-0.018092829
870,0.5,-0.031438286
870,0.75,-0.052451126
870,1,-0.071923029
880,0,0
880,0.25,-0.018294182
880,0.5,-0.031743466
880,0.75,-0.053008232
880,1,-0.072673439
890,0,0
890,0.25,-0.018495654
890,0.5,-0.032048406
890,0.75,-0.053565467
890,1,-0.073423923
900,0,0
900,0.25,-0.018697241
900,0.5,-0.032353112
900,0.75,-0.054122824
900,1,-0.074174471
910,0,0
910,0.25,-0.018898939
910,0.5,-0.032657585
910,0.75,-0.054680298
910,1,-0.074925074
920,0,0
920,0.25,-0.019100748
920,0.5,-0.03296183
920,0.75,-0.055237881
920,1,-0.075675725
930,0,0
930,0.25,-0.019302663
930,0.5,-0.033265849
930,0.75,-0.055795568
930,1,-0.076426414
940,0,0
940,0.25,-0.019504682
940,0.5,-0.033569647
940,0.75,-0.05635335
940,1,-0.077177135
950,0,0
950,0.25,-0.019706803
950,0.5,-0.033873225
950,0.75,-0.056911224
950,1,-0.077927879
960,0,0
960,0.25,-0.019909024
960,0.5,-0.034176588
960,0.75,-0.057469183
960,1,-0.078678641
970,0,0
970,0.25,-0.020111341
970,0.5,-0.034479739
970,0.75,-0.058027222
970,1,-0.079429413
980,0,0
980,0.25,-0.020313753
980,0.5,-0.03478268
980,0.75,-0.058585337
980,1,-0.080180189
990,0,0
990,0.25,-0.020516258
990,0.5,-0.035085415
990,0.75,-0.059143521
990,1,-0.080930963
1000,0,0
1000,0.25,-0.020718853
1000,0.5,-0.035387945
1000,0.75,-0.059701771
1000,1,-0.081681729
1010,0,0
1010,0.25,-0.020921536
1010,0.5,-0.035690276
1010,0.75,-0.060260082
1010,1,-0.082432482
1020,0,0
1020,0.25,-0.021124306
1020,0.5,-0.035992407
1020,0.75,-0.060818449
1020,1,-0.083183215
1030,0,0
1030,0.25,-0.021327161
1030,0.5,-0.036294346
1030,0.75,-0.061376869
1030,1,-0.083933926
1040,0,0
1040,0.25,-0.021530098
1040,0.5,-0.036596092
1040,0.75,-0.061935337
1040,1,-0.084684607
1050,0,0
1050,0.25,-0.021733115
1050,0.5,-0.036897647
1050,0.75,-0.062493851
1050,1,-0.085435256
1060,0,0
1060,0.25,-0.021936213
1060,0.5,-0.037199016
1060,0.75,-0.063052404
1060,1,-0.086185867
1070,0,0
1070,0.25,-0.022139387
1070,0.5,-0.037500201
1070,0.75,-0.063610995
1070,1,-0.086936436
1080,0,0
1080,0.25,-0.022342638
1080,0.5,-0.037801205
1080,0.75,-0.064169621
1080,1,-0.08768696
1090,0,0
1090,0.25,-0.022545962
1090,0.5,-0.038102028
1090,0.75,-0.064728278
1090,1,-0.088437434
1100,0,0
1100,0.25,-0.02274936
1100,0.5,-0.038402675
1100,0.75,-0.065286962
1100,1,-0.089187855
1110,0,0
1110,0.25,-0.02295283
1110,0.5,-0.038703147
1110,0.75,-0.065845671
1110,1,-0.089938219
1120,0,0
1120,0.25,-0.023156368
1120,0.5,-0.039003448
1120,0.75,-0.066404403
1120,1,-0.090688522
1130,0,0
1130,0.25,-0.023359976
1130,0.5,-0.039303577
1130,0.75,-0.066963152
1130,1,-0.091438763
1140,0,0
1140,0.25,-0.02356365
1140,0.5,-0.039603541
1140,0.75,-0.067521919
1140,1,-0.092188937
1150,0,0
1150,0.25,-0.023767391
1150,0.5,-0.039903338
1150,0.75,-0.0680807
1150,1,-0.092939042
1160,0,0
1160,0.25,-0.023971196
1160,0.5,-0.040202973
1160,0.75,-0.068639492
1160,1,-0.093689075
1170,0,0
1170,0.25,-0.024175064
1170,0.5,-0.040502445
1170,0.75,-0.069198293
1170,1,-0.094439033
1180,0,0
1180,0.25,-0.024378996
1180,0.5,-0.04080176
1180,0.75,-0.0697571
1180,1,-0.095188914
1190,0,0
1190,0.25,-0.024582987
1190,0.5,-0.041100917
1190,0.75,-0.070315914
1190,1,-0.095938715
1200,0,0
1200,0.25,-0.024787038
1200,0.5,-0.041399919
1200,0.75,-0.070874728
1200,1,-0.096688434
1210,0,0
1210,0.25,-0.024991149
1210,0.5,-0.041698769
1210,0.75,-0.071433545
1210,1,-0.09743807
1220,0,0
1220,0.25,-0.025195317
1220,0.5,-0.041997466
1220,0.75,-0.071992358
1220,1,-0.098187618
1230,0,0
1230,0.25,-0.025399542
1230,0.5,-0.042296015
1230,0.75,-0.07255117
1230,1,-0.098937078
1240,0,0
1240,0.25,-0.025603823
1240,0.5,-0.042594416
1240,0.75,-0.073109976
1240,1,-0.099686449
1250,0,0
1250,0.25,-0.025808159
1250,0.5,-0.042892672
1250,0.75,-0.073668775
1250,1,-0.100435727
1260,0,0
1260,0.25,-0.026012548
1260,0.5,-0.043190784
1260,0.75,-0.074227566
1260,1,-0.101184911
1270,0,0
1270,0.25,-0.026216991
1270,0.5,-0.043488754
1270,0.75,-0.074786347
1270,1,-0.101933999
1280,0,0
1280,0.25,-0.026421486
1280,0.5,-0.043786583
1280,0.75,-0.075345116
1280,1,-0.102682991
1290,0,0
1290,0.25,-0.02662603
1290,0.5,-0.044084273
1290,0.75,-0.075903871
1290,1,-0.103431883
1300,0,0
1300,0.25,-0.026830627
1300,0.5,-0.044381826
1300,0.75,-0.076462614
1300,1,-0.104180676
1310,0,0
1310,0.25,-0.027035272
1310,0.5,-0.044679244
1310,0.75,-0.07702134
1310,1,-0.104929367
1320,0,0
1320,0.25,-0.027239965
1320,0.5,-0.044976528
1320,0.75,-0.077580048
1320,1,-0.105677955
1330,0,0
1330,0.25,-0.027444708
1330,0.5,-0.04527368
1330,0.75,-0.078138738
1330,1,-0.106426439
1340,0,0
1340,0.25,-0.027649497
1340,0.5,-0.0455707
1340,0.75,-0.078697408
1340,1,-0.107174819
1350,0,0
1350,0.25,-0.027854331
1350,0.5,-0.04586759
1350,0.75,-0.079256058
1350,1,-0.107923091
1360,0,0
1360,0.25,-0.028059212
1360,0.5,-0.046164353
1360,0.75,-0.079814685
1360,1,-0.108671257
1370,0,0
1370,0.25,-0.028264138
1370,0.5,-0.046460991
1370,0.75,-0.08037329
1370,1,-0.109419313
1380,0,0
1380,0.25,-0.028469108
1380,0.5,-0.046757501
1380,0.75,-0.08093187
1380,1,-0.11016726
1390,0,0
1390,0.25,-0.028674121
1390,0.5,-0.047053889
1390,0.75,-0.081490425
1390,1,-0.110915097
1400,0,0
1400,0.25,-0.028879178
1400,0.5,-0.047350153
1400,0.75,-0.082048954
1400,1,-0.111662822
1410,0,0
1410,0.25,-0.029084277
1410,0.5,-0.047646297
1410,0.75,-0.082607455
1410,1,-0.112410435
1420,0,0
1420,0.25,-0.029289417
1420,0.5,-0.04794232
1420,0.75,-0.083165929
1420,1,-0.113157936
1430,0,0
1430,0.25,-0.029494598
1430,0.5,-0.048238226
1430,0.75,-0.083724374
1430,1,-0.113905323
1440,0,0
1440,0.25,-0.029699819
1440,0.5,-0.048534013
1440,0.75,-0.08428279
1440,1,-0.114652595
1450,0,0
1450,0.25,-0.029905081
1450,0.5,-0.048829686
1450,0.75,-0.084841174
1450,1,-0.115399752
1460,0,0
1460,0.25,-0.030110382
1460,0.5,-0.049125243
1460,0.75,-0.085399528
1460,1,-0.116146794
1470,0,0
1470,0.25,-0.030315721
1470,0.5,-0.049420686
1470,0.75,-0.085957848
1470,1,-0.116893719
1480,0,0
1480,0.25,-0.030521099
1480,0.5,-0.049716016
1480,0.75,-0.086516137
1480,1,-0.117640527
1490,0,0
1490,0.25,-0.030726515
1490,0.5,-0.050011235
1490,0.75,-0.087074393
1490,1,-0.118387219
1500,0,0
1500,0.25,-0.030931968
1500,0.5,-0.050306343
1500,0.75,-0.087632614
1500,1,-0.119133793
